timestamp,open,high,low,close,volume
1685516400,0.0421052,0.23578914,0.0421052,0.21978916,5842249.44436321
1685602800,0.21978916,0.24168387,0.21978916,0.23621019,7324747.93044105
1685862000,0.23621019,0.23621019,0.21263128,0.218526,5159599.84727018
1685948400,0.218526,0.22315758,0.21305233,0.22315758,3365194.54203703
1686034800,0.22105232,0.2273681,0.21473654,0.22694705,2165240.70830277
1686121200,0.22526284,0.22947336,0.2063155,0.21894706,3231726.4769785
1686207600,0.21263128,0.22189442,0.19157867,0.19284183,1225696.49539181
1686466800,0.19452604,0.21052602,0.18947341,0.20042077,413369.33863794
1686553200,0.19452604,0.20294708,0.19031552,0.19157867,305176.05957071
1686639600,0.19452604,0.20210498,0.19157867,0.20210498,923771.81545107
1686726000,0.19705235,0.20210498,0.19199973,0.19494709,210365.92456108
1686812400,0.19705235,0.20421024,0.19368393,0.19705235,194717.02727705
1687071600,0.19705235,0.20926286,0.19705235,0.20210498,803893.51974437
1687158000,0.20378918,0.21052602,0.19789446,0.19831551,626844.14262606
1687244400,0.20378918,0.20547339,0.19368393,0.19621025,740203.05404915
1687330800,0.20378918,0.21010496,0.19452604,0.20378918,407139.70476694
1687417200,0.20378918,0.20378918,0.19578919,0.19789446,298556.92514506
1687676400,0.20378918,0.20968391,0.1966313,0.19957866,274149.0153882
1687762800,0.20378918,0.21052602,0.19789446,0.20042077,86564.12326731
1688454000,0.20378918,0.20842076,0.1974734,0.19789446,69589.97409612
1688540400,0.20378918,0.20673655,0.19789446,0.19873656,114900.28861801
1688626800,0.20378918,0.20421024,0.18526289,0.18947341,831087.30846833
1688886000,0.19157867,0.19157867,0.17263133,0.18273658,290557.91375447
1688972400,0.19157867,0.19157867,0.17263133,0.18063132,418848.47144022
1689058800,0.19157867,0.19157867,0.17305239,0.17431554,177051.7521217
1689145200,0.19157867,0.19157867,0.17263133,0.17684185,308930.93991766
1689231600,0.19157867,0.19157867,0.17473659,0.17810501,48993.94476738
1689490800,0.19157867,0.19157867,0.17473659,0.1755787,165606.61082381
1689577200,0.19157867,0.19157867,0.17263133,0.17684185,337164.98012293
1689663600,0.19157867,0.19157867,0.17263133,0.17684185,253624.23616091
1689750000,0.19157867,0.19157867,0.17263133,0.1764208,181721.00877072
1690182000,0.19157867,0.19157867,0.17263133,0.17473659,282822.52773928
1690268400,0.19157867,0.19157867,0.17263133,0.17263133,295721.17110695
1690354800,0.19157867,0.19157867,0.17263133,0.17263133,314398.19770303
1690441200,0.19157867,0.19157867,0.17263133,0.17599975,679227.21721956
1690700400,0.19157867,0.19157867,0.17263133,0.17684185,375851.41021241
1690786800,0.19157867,0.19157867,0.17263133,0.1764208,2191719.62100874
1690873200,0.1764208,0.18189448,0.17515765,0.18189448,959985.86701987
1690959600,0.18021027,0.18947341,0.17852606,0.18863131,1556750.59181284
1691046000,0.18778921,0.18947341,0.17936817,0.18905236,167516.11354295
1691305200,0.18778921,0.18947341,0.18315763,0.18905236,493549.45281442
1691391600,0.18778921,0.2063155,0.18778921,0.20589444,1096144.81091021
1691478000,0.20589444,0.21094707,0.19157867,0.19621025,1478042.9797332
1691564400,0.19621025,0.20210498,0.19368393,0.19789446,413421.58871234
1691650800,0.19621025,0.21010496,0.19368393,0.20378918,309004.5650225
1691910000,0.19621025,0.2071576,0.19621025,0.19789446,36966.9276409
1691996400,0.19621025,0.2071576,0.19621025,0.20210498,1900788.8317233
1692082800,0.20210498,0.20210498,0.19831551,0.19999972,242250.34496449
1692169200,0.20210498,0.20294708,0.18568395,0.19031552,350951.87475547
1692255600,0.20210498,0.20589444,0.18736815,0.20378918,134106.94096828
1692514800,0.20210498,0.20336813,0.1966313,0.20294708,3296.50469422
1692601200,0.20210498,0.2063155,0.19789446,0.19831551,452264.76902503
1692687600,0.20210498,0.20378918,0.19789446,0.19999972,464657.53667233
1692774000,0.20210498,0.20210498,0.19789446,0.19789446,175588.75003838
1692860400,0.20210498,0.20210498,0.19452604,0.19621025,122172.54897371
1693119600,0.20210498,0.20252603,0.19368393,0.19789446,506039.59560038
1693206000,0.20210498,0.20210498,0.19410499,0.19410499,5937.50845501
1693292400,0.20210498,0.20210498,0.19494709,0.19789446,232215.95567552
1693378800,0.20210498,0.20210498,0.19536814,0.1974734,238450.33955328
1693465200,0.20210498,0.20210498,0.19536814,0.20168392,1695.75241475
1693724400,0.20210498,0.20210498,0.19410499,0.19999972,103236.64700899
1693810800,0.20210498,0.20210498,0.19410499,0.19999972,59987.83542268
1693897200,0.20210498,0.20210498,0.19789446,0.19789446,116664.91613084
1693983600,0.20210498,0.20210498,0.19410499,0.19957866,47321.94238645
1694070000,0.20210498,0.20210498,0.19368393,0.19915761,190527.52131119
1694329200,0.20210498,0.20210498,0.19368393,0.19831551,23381.90829584
1694415600,0.20210498,0.20210498,0.19410499,0.20210498,358908.13608519
1694502000,0.20210498,0.2063155,0.19789446,0.19999972,164903.60982274
1694588400,0.20210498,0.20210498,0.19789446,0.19789446,273125.38893055
1694674800,0.20210498,0.21052602,0.20210498,0.2071576,1349552.92176336
1694934000,0.2071576,0.21473654,0.2071576,0.21094707,1113064.33500361
1695020400,0.21094707,0.22105232,0.20926286,0.21599969,961790.8695902
1695106800,0.21389443,0.21642074,0.21305233,0.21431548,1297758.8480086
1695193200,0.21431548,0.2168418,0.21221022,0.21431548,134919.19212493
1695279600,0.21431548,0.21642074,0.21052602,0.21431548,596382.34924847
1695538800,0.21431548,0.21894706,0.21263128,0.21473654,63718.96573581
1695625200,0.21431548,0.21810495,0.21347338,0.21810495,213869.05454953
1695711600,0.21431548,0.22315758,0.21431548,0.22231547,904757.53837473
1695798000,0.22021021,0.22231547,0.21094707,0.22021021,65635.59346509
1696143600,0.22021021,0.22021021,0.21094707,0.21599969,204250.29085241
1696230000,0.22021021,0.22105232,0.2168418,0.22021021,83208.24348854
1696316400,0.22021021,0.22021021,0.2168418,0.2168418,111622.78395084
1696402800,0.22021021,0.22105232,0.21052602,0.22063126,262910.49938455
1696748400,0.22021021,0.22021021,0.2079997,0.21052602,278654.39680386
1696834800,0.22021021,0.22063126,0.19831551,0.21178917,48397.81891849
1696921200,0.22021021,0.22021021,0.21094707,0.21515759,318383.45337804
1697007600,0.22021021,0.22021021,0.21136812,0.21136812,296970.42288588
1697094000,0.22021021,0.22021021,0.21052602,0.21136812,417207.34410326
1697353200,0.22021021,0.22021021,0.21094707,0.21473654,217312.80945344
1697439600,0.22021021,0.22021021,0.20673655,0.20673655,294536.04441933
1697526000,0.22021021,0.22021021,0.20673655,0.21052602,111278.40846045
1697612400,0.22021021,0.22021021,0.20673655,0.20673655,817.00116341
1697698800,0.22021021,0.22021021,0.20673655,0.21052602,110176.4068912
1697958000,0.22021021,0.22021021,0.20673655,0.21052602,59916.58532122
1698044400,0.22021021,0.22021021,0.2063155,0.20884181,37422.92829025
1698130800,0.22021021,0.22021021,0.20757865,0.20757865,83319.86864749
1698217200,0.22021021,0.22021021,0.20673655,0.21431548,1267567.80501655
1698303600,0.21473654,0.2282102,0.2063155,0.2273681,1276849.31823343
1698566400,0.22315758,0.23157862,0.21136812,0.22315758,180127.38150139
1698652800,0.22315758,0.22484179,0.21473654,0.22231547,449091.76450667
1698739200,0.22315758,0.22610494,0.21305233,0.2168418,228563.200474
1698825600,0.22315758,0.22315758,0.21263128,0.21894706,173959.49771832
1698912000,0.22315758,0.22694705,0.21515759,0.22231547,866517.60892108
1699171200,0.22231547,0.2273681,0.21894706,0.22442073,533188.25926008
1699257600,0.22231547,0.23368388,0.22105232,0.2282102,1463066.20840628
1699344000,0.2282102,0.22863125,0.22315758,0.2273681,323000.45995265
1699430400,0.2282102,0.23578914,0.22526284,0.22526284,185720.51446601
1699516800,0.2282102,0.24210492,0.22315758,0.22315758,452136.5188424
1699776000,0.2282102,0.2282102,0.22147337,0.22315758,18225.7759535
1699862400,0.2282102,0.24378913,0.2273681,0.23157862,262247.87344097
1699948800,0.2282102,0.23157862,0.22315758,0.22315758,1406196.75242418
1700035200,0.22315758,0.2273681,0.22315758,0.22357863,580970.95230264
1700121600,0.22315758,0.24547333,0.22315758,0.24547333,10013814.63467204
1700380800,0.24547333,0.26989435,0.24547333,0.2597891,6166986.03178811
1700467200,0.25684174,0.26105226,0.23157862,0.23999966,2349576.59579707
1700553600,0.24336807,0.26736804,0.23999966,0.26736804,4379468.23636277
1700640000,0.26736804,0.28042065,0.25263122,0.25684174,3131183.08380471
1700726400,0.25684174,0.26905225,0.23999966,0.24547333,2615424.97436516
1700985600,0.24547333,0.25726279,0.24547333,0.25052596,2376364.2589427
1701072000,0.2492628,0.25221017,0.24757859,0.24799965,1392604.60806896
1701158400,0.24799965,0.2694733,0.23157862,0.2387365,3955214.2572251
1701244800,0.2387365,0.2484207,0.2378944,0.23999966,1277846.81965387
1701331200,0.23999966,0.25684174,0.23915755,0.23957861,2387189.52435788
1701590400,0.23957861,0.25052596,0.23157862,0.23999966,459328.02908311
1701676800,0.23957861,0.24673649,0.23157862,0.24378913,281188.52541246
1701763200,0.23957861,0.25263122,0.23578914,0.24210492,632950.27632119
1701849600,0.24421018,0.24715754,0.23410493,0.24294702,3931338.34822581
1701936000,0.23621019,0.23999966,0.22610494,0.23999966,373381.40669512
1702195200,0.23621019,0.23999966,0.22231547,0.23621019,459320.90407297
1702281600,0.23621019,0.24210492,0.23157862,0.24210492,273092.13888321
1702368000,0.23621019,0.24378913,0.23410493,0.24378913,338768.10740578
1702454400,0.23621019,0.24757859,0.23621019,0.24042071,264083.75105526
1702540800,0.23621019,0.24252597,0.22863125,0.23578914,343081.11354751
1702800000,0.23621019,0.24505228,0.23410493,0.24210492,622987.13713368
1702886400,0.24210492,0.25263122,0.23999966,0.24421018,1370165.57611578
1702972800,0.25052596,0.25052596,0.23999966,0.24210492,541500.7710971
1703059200,0.25052596,0.26189436,0.24631544,0.25052596,1738984.60131407
1703145600,0.25473648,0.25936805,0.2484207,0.25221017,1730892.96479158
1703404800,0.25221017,0.258947,0.24042071,0.25684174,1136208.74296125
1703491200,0.25305227,0.258947,0.24884175,0.25473648,615244.62610835
1703577600,0.25263122,0.25684174,0.24884175,0.25178912,633178.27664587
1703664000,0.25178912,0.25642069,0.24799965,0.2492628,238535.83967504
1703750400,0.25178912,0.25263122,0.2484207,0.2484207,623507.26287434
1704009600,0.24884175,0.25263122,0.24673649,0.24884175,387971.05247078
1704182400,0.24884175,0.25684174,0.24799965,0.2484207,850939.96173851
1704268800,0.2484207,0.25599964,0.24505228,0.25263122,268465.63229506
1704355200,0.2484207,0.26526278,0.2484207,0.25936805,1481937.98527969
1704700800,0.2597891,0.28547328,0.25936805,0.28547328,3663632.71701299
1704787200,0.28547328,0.31368376,0.28547328,0.31368376,7367315.11605673
1704873600,0.31368376,0.34484161,0.31368376,0.34484161,8492950.34396129
1704960000,0.34484161,0.37768367,0.34357846,0.34905213,8457788.41889071
1705219200,0.34905213,0.35536792,0.31452587,0.34568372,9794335.82213421
1705305600,0.34568372,0.34568372,0.32084165,0.34105215,5861014.34608443
1705392000,0.34105215,0.34526267,0.32842058,0.32926269,2854502.3148113
1705478400,0.331789,0.34105215,0.3221048,0.32799953,3629047.91776424
1705564800,0.32799953,0.33894689,0.31705218,0.32505217,2677528.93780121
1705824000,0.32505217,0.33599952,0.32505217,0.32757848,2158300.94842055
1705910400,0.32757848,0.33221005,0.32252586,0.32757848,1773051.64982555
1705996800,0.32463112,0.33136795,0.32084165,0.32421006,2555014.38834049
1706083200,0.32378901,0.32968374,0.31578902,0.31789428,2095175.73353024
1706428800,0.31789428,0.32842058,0.30947324,0.31452587,1804054.94397424
1706515200,0.31705218,0.31705218,0.30357852,0.30652588,2216697.53157729
1706601600,0.30652588,0.3115785,0.30357852,0.3098943,1897919.82763783
1706688000,0.3098943,0.31199956,0.28210486,0.30315746,2343546.46221016
1706774400,0.2896838,0.31789428,0.28210486,0.29894694,1137353.49459138
1707033600,0.29852589,0.30736798,0.28631538,0.28631538,1480828.8587003
1707120000,0.29726273,0.31115745,0.29515747,0.30568378,1574057.24145751
1707206400,0.3098943,0.3115785,0.30315746,0.30399957,1712633.93879073
1707292800,0.30399957,0.31031535,0.30315746,0.30315746,314514.57286875
1707379200,0.30399957,0.30947324,0.29936799,0.30736798,733151.66900798
1707638400,0.30778904,0.32378901,0.30399957,0.30526272,826999.9276479
1707724800,0.31284166,0.31284166,0.28421012,0.30736798,1191529.69673829
1707811200,0.29515747,0.31494692,0.29515747,0.30357852,1091632.3044844
1707897600,0.3107364,0.31242061,0.30399957,0.31199956,275210.64189995
1707984000,0.3107364,0.32168375,0.30947324,0.31789428,1302575.35486731
1708243200,0.31747323,0.32378901,0.31578902,0.31999954,1422363.40044548
1708329600,0.31705218,0.33642057,0.31705218,0.32505217,3769496.11776247
1708416000,0.32505217,0.32842058,0.32084165,0.32421006,1081735.66539159
1708502400,0.32421006,0.32842058,0.3115785,0.31663113,1925966.24257593
1708588800,0.31410482,0.32589427,0.31368376,0.31452587,962025.99492502
1708848000,0.31410482,0.31578902,0.30778904,0.30778904,692042.73546886
1708934400,0.30905219,0.30905219,0.29515747,0.30357852,487816.19465026
1709020800,0.30905219,0.30905219,0.29810484,0.30315746,826947.67757349
1709107200,0.3002101,0.30736798,0.29642063,0.29768379,801366.51614592
1709193600,0.29768379,0.29894694,0.28715749,0.29852589,716968.395963
1709452800,0.29389432,0.30526272,0.29178906,0.29894694,249973.85596277
1709539200,0.29389432,0.3107364,0.29389432,0.3107364,915775.17906386
1709625600,0.30863114,0.31031535,0.29936799,0.30315746,198460.03260709
1709712000,0.30863114,0.31284166,0.29473642,0.31115745,544635.77556134
1709798400,0.30315746,0.3115785,0.28842064,0.29978905,978470.51834202
1710057600,0.3107364,0.31242061,0.29894694,0.3115785,1233386.75634274
1710144000,0.3107364,0.3115785,0.29978905,0.31031535,319371.45478495
1710230400,0.3107364,0.31242061,0.29894694,0.30736798,261635.12256841
1710316800,0.3107364,0.3107364,0.28126276,0.30526272,811555.28065472
1710403200,0.28799959,0.31663113,0.28799959,0.31663113,3250707.50400749
1710662400,0.31663113,0.34821003,0.31663113,0.34821003,4373951.10350637
1710748800,0.34821003,0.3827363,0.31368376,0.33305216,5233984.95319457
1710835200,0.33305216,0.33305216,0.30189431,0.30315746,1284986.07982018
1710921600,0.30315746,0.331789,0.30315746,0.32252586,1419703.39665764
1711008000,0.32252586,0.35368371,0.3115785,0.33263111,1233192.00606542
1711267200,0.33978899,0.33978899,0.30821009,0.32842058,989628.28423068
1711353600,0.32084165,0.32842058,0.28884169,0.30736798,1514981.40733352
1711440000,0.30526272,0.32336796,0.29515747,0.30315746,818050.9149045
1711526400,0.3107364,0.31368376,0.30273641,0.30863114,1626663.56636892
1711612800,0.30863114,0.31115745,0.29599958,0.29810484,1245869.77411856
1711872000,0.29810484,0.30063115,0.2905259,0.2905259,602006.35725705
1711958400,0.29473642,0.31115745,0.2905259,0.29431537,1827605.4775102
1712044800,0.29431537,0.30652588,0.29221011,0.29473642,766361.34129855
1712131200,0.29473642,0.29894694,0.27368382,0.28631538,649625.17506625
1712217600,0.2905259,0.29894694,0.28631538,0.28673643,745941.06222007
1712476800,0.28799959,0.30947324,0.28589433,0.28715749,2855509.31624527
1712563200,0.28715749,0.29894694,0.27578908,0.28252591,2627836.74203952
1713168000,0.28252591,0.29473642,0.28252591,0.28463117,1548967.70573001
1713254400,0.28294697,0.30315746,0.28210486,0.29936799,5507514.09270007
1713340800,0.29936799,0.31452587,0.29894694,0.30273641,3740041.32581885
1713427200,0.30273641,0.30736798,0.28673643,0.2905259,3335872.7502828
1713686400,0.2905259,0.31368376,0.28631538,0.30063115,5058560.07838955
1713772800,0.30063115,0.31578902,0.29642063,0.31115745,4682915.29347138
1713859200,0.31115745,0.33684163,0.29684168,0.30442062,5255314.85856836
1713945600,0.30442062,0.30484167,0.27789434,0.28421012,4120075.11698697
1714287600,0.28421012,0.29473642,0.26568383,0.2686312,2441897.72726236
1714374000,0.2686312,0.28463117,0.26652594,0.28168381,737096.54962549
1714460400,0.27873645,0.28168381,0.26526278,0.26989435,924978.31716912
1714546800,0.26989435,0.26989435,0.25726279,0.26821014,429887.48715978
1714633200,0.26989435,0.29684168,0.26147331,0.29684168,4152287.2878571
1715065200,0.29684168,0.32631532,0.29010485,0.32631532,15270404.87005654
1715151600,0.32631532,0.33642057,0.3115785,0.31873639,6064103.26028304
1715238000,0.31663113,0.34821003,0.30315746,0.34821003,5216982.3039828
1715497200,0.34821003,0.37768367,0.33936794,0.33936794,8355594.39836642
1715583600,0.34905213,0.34905213,0.32463112,0.33894689,1685630.15033733
1715670000,0.34821003,0.37473631,0.3212627,0.36673632,4207187.86603552
1715756400,0.36673632,0.38231525,0.34315741,0.35368371,6168484.65892215
1715842800,0.35368371,0.36631527,0.34736793,0.35831528,2352160.59947669
1716102000,0.35831528,0.35999949,0.34610477,0.35410476,1580543.37569377
1716188400,0.35410476,0.38947313,0.35073634,0.38778892,18980153.02773791
1716274800,0.38947313,0.41852572,0.37894683,0.3932626,8918757.57531079
1716361200,0.3932626,0.39578891,0.38105209,0.38736787,1653940.48021124
1716447600,0.38736787,0.38736787,0.37052579,0.37473631,1155527.02047048
1716706800,0.37726262,0.41473625,0.37726262,0.40968363,5013743.76457112
1716793200,0.40968363,0.43789411,0.40673626,0.40926258,2709384.85816404
1716879600,0.40926258,0.42105203,0.3835784,0.40926258,2667138.29800494
1716966000,0.41389415,0.41726256,0.40210469,0.41220994,2481453.40858965
1717052400,0.40589416,0.43705201,0.39368365,0.40168364,2383280.2687911
1717311600,0.40168364,0.41220994,0.3616837,0.38526261,3947626.1214196
1717398000,0.38526261,0.39957838,0.38147314,0.39368365,1637460.33174351
1717484400,0.38905208,0.39789417,0.38315735,0.38736787,211420.42606269
1717570800,0.38905208,0.39494681,0.36210475,0.36210475,401472.94669748
1717657200,0.37726262,0.39578891,0.36210475,0.37852578,180391.00687679
1717916400,0.37726262,0.39157839,0.36842053,0.36842053,242872.59585058
1718002800,0.37726262,0.38694682,0.3519995,0.35368371,464645.66165542
1718089200,0.35831528,0.35999949,0.35368371,0.35368371,783401.99056443
1718175600,0.35368371,0.37768367,0.35115739,0.36421001,781278.73754092
1718262000,0.35705212,0.36294685,0.35242055,0.3616837,1146464.00756475
1719126000,0.35789423,0.39284155,0.34652582,0.34905213,4023357.85426158
1719212400,0.34905213,0.35578897,0.32421006,0.32589427,3238153.23613021
1719298800,0.32589427,0.33684163,0.32589427,0.33263111,1382584.46880028
1719385200,0.33263111,0.36589422,0.33263111,0.36589422,6296392.84106341
1719471600,0.36547316,0.39494681,0.35915738,0.36631527,3011155.16288495
1719817200,0.37431526,0.38315735,0.36210475,0.37094684,4748593.63699734
1719903600,0.37094684,0.38315735,0.36421001,0.36421001,4952487.67734245
1719990000,0.36421001,0.37431526,0.3519995,0.35789423,4842413.39559668
1720076400,0.35789423,0.36294685,0.35410476,0.36084159,1691814.65914407
1720335600,0.36084159,0.37852578,0.35368371,0.35663107,4094890.58112419
1720422000,0.35536792,0.36589422,0.35368371,0.35368371,2217908.78330211
1720508400,0.35452581,0.36631527,0.34947319,0.35621002,3310600.33929488
1720594800,0.35621002,0.36505211,0.35621002,0.35915738,1075508.40652397
1720940400,0.35915738,0.36421001,0.35368371,0.35368371,1402710.24745939
1721026800,0.35621002,0.35789423,0.3519995,0.35621002,487274.69387916
1721113200,0.35452581,0.35747318,0.34315741,0.35157845,3661566.46407064
1721199600,0.35115739,0.36842053,0.34105215,0.35747318,5451295.38764463
1721286000,0.35494686,0.36210475,0.34947319,0.35326265,2336255.20182741
1721545200,0.35326265,0.35831528,0.34526267,0.35747318,6141126.99496484
1721631600,0.35526265,0.38447314,0.33552584,0.34421004,9596032.06474966
1721718000,0.34421004,0.34894687,0.33157848,0.33868373,5266840.43331411
1721804400,0.33868373,0.33868373,0.33157848,0.33394689,2943672.92512358
1722150000,0.33394689,0.33631531,0.32447322,0.32763111,2510724.37527151
1722236400,0.32763111,0.330789,0.32526269,0.32763111,1038128.54496171
1722322800,0.32763111,0.32921006,0.32526269,0.32763111,918490.44126372
1722409200,0.32763111,0.32763111,0.31815744,0.32763111,1080874.80583239
1722495600,0.32447322,0.32999953,0.32368375,0.32605217,1119411.92737592
1722754800,0.32605217,0.32684164,0.3078943,0.3078943,1907951.05025563
1722841200,0.31105219,0.31421008,0.24947333,0.29210485,1190145.22810014
1722927600,0.28815748,0.29999957,0.2763154,0.29447326,2408803.16346904
1723014000,0.28973643,0.30473641,0.28973643,0.29999957,1324978.28676908
1723100400,0.29999957,0.30394694,0.29684168,0.30236799,628434.76155777
1723359600,0.29999957,0.31105219,0.29999957,0.31105219,806287.68148699
1723446000,0.29999957,0.31026272,0.29999957,0.29999957,331009.60469101
1723532400,0.29999957,0.31499955,0.29999957,0.30868377,1053926.43412458
1723618800,0.30868377,0.31973639,0.30710483,0.31421008,1125790.86979287
1723705200,0.31421008,0.31421008,0.30710483,0.30710483,814494.42650673
1723964400,0.31421008,0.31736797,0.30236799,0.31578902,2193309.92327333
1724050800,0.31578902,0.31578902,0.30473641,0.31421008,116908.43314428
1724137200,0.31578902,0.31894691,0.30947324,0.31578902,1182711.15084735
1724223600,0.31578902,0.31736797,0.31263113,0.31578902,560778.19854815
1724310000,0.31578902,0.31894691,0.31578902,0.3165785,1963880.79656625
1724569200,0.3165785,0.31815744,0.2763154,0.30631535,1715452.90947161
1724655600,0.2992101,0.31499955,0.2992101,0.30157852,667415.21706594
1724742000,0.2992101,0.3078943,0.2992101,0.30473641,3294234.82432372
1724828400,0.3078943,0.31184166,0.30157852,0.3078943,165336.96877318
1724914800,0.3078943,0.31026272,0.30394694,0.31026272,223971.05226811
1725174000,0.3078943,0.31184166,0.30236799,0.30947324,863052.16231961
1725260400,0.3078943,0.31105219,0.30315746,0.3078943,537202.96497702
1725346800,0.3078943,0.30947324,0.30631535,0.30631535,406473.91215218
1725433200,0.3078943,0.3078943,0.29605221,0.30710483,1352121.72542134
1725519600,0.30236799,0.30710483,0.29447326,0.29684168,2114387.61088796
1725778800,0.29684168,0.30710483,0.28578907,0.29999957,1405687.86836619
1725865200,0.2992101,0.35842054,0.29210485,0.3394732,13817748.14314002
1725951600,0.3394732,0.34263109,0.3078943,0.31973639,9861353.50923406
1726038000,0.31973639,0.32447322,0.30394694,0.31973639,2790160.30652161
1726124400,0.31184166,0.35131529,0.31184166,0.32447322,11782849.04544371
1726470000,0.32447322,0.33157848,0.31736797,0.31736797,2162917.47999449
1726556400,0.32131533,0.32368375,0.29999957,0.30710483,3151578.82118158
1726642800,0.30710483,0.32368375,0.30631535,0.31815744,1834503.27899934
1726729200,0.31815744,0.32131533,0.3078943,0.31263113,1626299.7158508
1726988400,0.31263113,0.31894691,0.3078943,0.30947324,1135827.95075234
1727074800,0.30947324,0.34578898,0.30078905,0.32999953,12176009.00530349
1727161200,0.32999953,0.33473637,0.31578902,0.32684164,5724739.81869617
1727247600,0.32368375,0.32842058,0.32131533,0.32368375,2238823.85475184
1727334000,0.32368375,0.32763111,0.32131533,0.32368375,3719677.09682019
1727593200,0.32368375,0.33315742,0.32368375,0.32447322,10808072.92402918
1727679600,0.32447322,0.33789426,0.32447322,0.32921006,5205119.4787568
1727766000,0.32921006,0.33157848,0.32289428,0.32368375,4527098.44658819
1727852400,0.32368375,0.32368375,0.31184166,0.31421008,3854825.55593826
1727938800,0.31499955,0.32131533,0.31263113,0.31342061,1642225.53852917
1728284400,0.31578902,0.32052586,0.30947324,0.31184166,1769245.78607267
1728370800,0.31263113,0.31578902,0.30315746,0.30710483,3388775.15894916
1728457200,0.30710483,0.31263113,0.30394694,0.30947324,1250045.98006548
1728543600,0.30868377,0.31578902,0.30315746,0.30552588,1923384.13889901
1728802800,0.30473641,0.330789,0.30473641,0.3165785,6663095.42158121
1728889200,0.3221048,0.32368375,0.31499955,0.3165785,977308.19168687
1728975600,0.31815744,0.32131533,0.31184166,0.31578902,1568363.56668305
1729062000,0.31499955,0.32131533,0.31105219,0.31578902,2621769.40006629
1729148400,0.31578902,0.31973639,0.3078943,0.3078943,2873847.82569264
1729407600,0.3078943,0.31342061,0.29999957,0.30394694,3117315.43905719
1729494000,0.30157852,0.31184166,0.30157852,0.3078943,1599068.87707408
1729580400,0.30394694,0.31026272,0.30236799,0.30631535,2577539.87041678
1729666800,0.30631535,0.31026272,0.29999957,0.30078905,4034258.01145008
1729753200,0.30078905,0.30631535,0.2992101,0.30631535,2260752.41931145
1730012400,0.30157852,0.3078943,0.2992101,0.29999957,5221027.56807659
1730098800,0.29999957,0.30552588,0.29842063,0.29842063,4186075.82763865
1730185200,0.29842063,0.30394694,0.29763116,0.29999957,1199864.37527354
1730271600,0.2992101,0.30631535,0.29763116,0.29842063,3306715.3087626
1730358000,0.29842063,0.30394694,0.29842063,0.30157852,794118.79749183
1730620800,0.29842063,0.32368375,0.29842063,0.31026272,11783221.44597401
1730707200,0.31026272,0.36868369,0.31026272,0.35447318,54232207.89333071
1730793600,0.35447318,0.35447318,0.33157848,0.33710478,14789533.66029593
1730880000,0.33710478,0.34342056,0.32921006,0.33315742,10455391.88847805
1730966400,0.33315742,0.39947312,0.33315742,0.39947312,67784051.92448995
1731225600,0.39947312,0.47920984,0.39947312,0.47920984,26115893.12236514
1731312000,0.47920984,0.57473602,0.47920984,0.52894662,95493862.38326006
1731398400,0.52894662,0.62368332,0.5005256,0.54868343,123127511.86691023
1731484800,0.54868343,0.55342026,0.51473611,0.52420978,44062411.74487433
1731571200,0.52420978,0.54394659,0.50526244,0.51236769,37284419.35967983
1731830400,0.51236769,0.53289398,0.48394668,0.51315716,39211647.83738652
1731916800,0.51315716,0.5352624,0.49736771,0.49815719,21854061.65351713
1732003200,0.49815719,0.51552558,0.48394668,0.48868351,18757779.24441098
1732089600,0.48868351,0.53842029,0.48552562,0.51394664,53162635.57025972
1732176000,0.51394664,0.55263079,0.5092098,0.51552558,28275324.73072908
1732435200,0.51552558,0.53684134,0.49973613,0.51473611,37311386.7314147
1732521600,0.51473611,0.52026242,0.49342035,0.49657824,9588035.58669601
1732608000,0.49657824,0.50368349,0.47368354,0.4776309,10474256.38200776
1732694400,0.4776309,0.50763086,0.4776309,0.48947299,17465612.73769921
1732780800,0.48947299,0.49578877,0.47526248,0.48315721,8769009.02040218
1733040000,0.48315721,0.49420982,0.47920984,0.48078879,7758161.980956
1733126400,0.48078879,0.51236769,0.48078879,0.48157826,9593830.5949481
1733212800,0.48157826,0.48947299,0.47368354,0.47605195,6666847.29359055
1733299200,0.47605195,0.51552558,0.47447301,0.51315716,38274704.56984598
1733385600,0.51315716,0.6071044,0.51315716,0.54315712,119750269.72438408
1733644800,0.54315712,0.57473602,0.53131503,0.53131503,49732556.88582767
1733731200,0.53131503,0.5494729,0.51315716,0.51947294,20546878.79208873
1733817600,0.51947294,0.54315712,0.51315716,0.52026242,16010965.59961501
1733904000,0.52026242,0.53605187,0.52026242,0.52342031,11984717.99957176
1733990400,0.52342031,0.53131503,0.51710453,0.51947294,13114292.40808572
1734249600,0.51947294,0.5265782,0.49894666,0.50763086,15364957.07969888
1734336000,0.50763086,0.53605187,0.50763086,0.51078875,28898311.55119565
1734422400,0.51078875,0.51868347,0.50289402,0.50526244,10974123.02715119
1734508800,0.50526244,0.51236769,0.47842037,0.48789404,8827159.23654142
1734595200,0.48789404,0.49026246,0.47842037,0.4863151,6177607.99691379
1734854400,0.4863151,0.50368349,0.48552562,0.48789404,6351904.11177812
1734940800,0.48789404,0.49657824,0.46815723,0.47447301,8096202.86232621
1735027200,0.47447301,0.47447301,0.44999936,0.45868356,7860511.32670146
1735113600,0.45868356,0.49657824,0.45789408,0.4602625,10075753.61453981
1735200000,0.4602625,0.46736776,0.45078883,0.45789408,2648510.03814496
1735459200,0.45789408,0.46184145,0.44210463,0.44289411,5635985.62564353
1735545600,0.44289411,0.4515783,0.42631518,0.4286836,7768471.3956366
1735632000,0.4286836,0.49736771,0.42710465,0.46973617,56255423.24105603
1735804800,0.46973617,0.48868351,0.46420987,0.46736776,14176466.12062109
1736064000,0.46736776,0.47368354,0.45789408,0.46342039,11514626.93016208
1736150400,0.46342039,0.46736776,0.4515783,0.45710461,100456398.38324463
1736323200,0.45710461,0.52894662,0.45710461,0.50368349,94886967.31904146
1736409600,0.50368349,0.51315716,0.48789404,0.48947299,17801662.41623395
1736668800,0.48947299,0.49894666,0.47447301,0.48157826,17377370.27870861
1736755200,0.48157826,0.49736771,0.47052565,0.47052565,15760798.57671051
1736841600,0.47052565,0.4776309,0.446052,0.46420987,14678464.56880021
1736928000,0.46420987,0.50763086,0.46184145,0.47842037,36642770.71263882
1737014400,0.47842037,0.48947299,0.47842037,0.48315721,9314739.19752195
1737273600,0.48315721,0.49263088,0.47920984,0.48236773,9549131.13129606
1737360000,0.48236773,0.5092098,0.48236773,0.50210455,23473898.82683193
1737446400,0.50210455,0.50684138,0.48710457,0.49026246,8259005.22749011
1737532800,0.49026246,0.49973613,0.47999932,0.48315721,9962580.58671476
1737619200,0.48315721,0.55342026,0.47526248,0.52184136,130023628.68698059
1737878400,0.52184136,0.53210451,0.50526244,0.50526244,55724082.41776003
1737964800,0.50526244,0.52578872,0.49815719,0.49894666,45938086.81583562
1738051200,0.49894666,0.50842033,0.49815719,0.50526244,15072806.33034288
1738137600,0.50526244,0.52105189,0.50131508,0.50999927,25629852.16357615
1738224000,0.50999927,0.59999915,0.5092098,0.57236761,285243134.98622423
1738483200,0.57236761,0.6473675,0.56447288,0.59289389,202692213.90037927
1738569600,0.59289389,0.60789387,0.56920972,0.57789391,94831345.37316914
1738656000,0.57789391,0.62368332,0.57789391,0.59763073,124137183.43801588
1738742400,0.59763073,0.60157809,0.57631497,0.57710444,50791085.12650522
1738828800,0.57710444,0.59605178,0.57473602,0.59052547,50127473.7148559
1739088000,0.59052547,0.6157886,0.58026233,0.5810518,49924676.29273904
1739174400,0.5810518,0.60552545,0.58026233,0.58420969,55328624.72129494
1739260800,0.58420969,0.59368337,0.53684134,0.53763081,32728078.60478393
1739347200,0.53763081,0.54710448,0.52105189,0.53999923,38013664.46479153
1739433600,0.53999923,0.57631497,0.53999923,0.54631501,37455409.46983642
1739692800,0.54631501,0.55657815,0.53684134,0.53763081,15111591.71890661
1739779200,0.53763081,0.54473607,0.51315716,0.52105189,18935936.1647731
1739865600,0.52105189,0.54552554,0.52105189,0.52973609,56799442.14907229
1739952000,0.52973609,0.54710448,0.52105189,0.52184136,35563132.17523355
1740038400,0.52184136,0.53131503,0.51473611,0.51710453,34655412.21597366
1740297600,0.51710453,0.52815714,0.51157822,0.52105189,20250900.17061518
1740384000,0.52105189,0.55184132,0.52105189,0.53763081,71971599.6208912
1740470400,0.53763081,0.57947286,0.53763081,0.55657815,114180356.05949369
1740556800,0.55657815,0.57394655,0.54157818,0.54473607,32520913.70978112
1740643200,0.54473607,0.56052552,0.5352624,0.55578868,48560598.48362558
1740902400,0.55578868,0.59131495,0.55578868,0.57078866,65464466.55473371
1740988800,0.57078866,0.58342022,0.55657815,0.5581571,40013723.84620942
1741075200,0.5581571,0.58420969,0.55657815,0.57236761,31178877.19872113
1741161600,0.57236761,0.57631497,0.56052552,0.56842024,11982373.39623305
1741248000,0.56842024,0.57157813,0.5581571,0.55973605,23355172.72443262
1741507200,0.55973605,0.56368341,0.54394659,0.54789396,23119645.85570903
1741593600,0.54789396,0.56605183,0.52736767,0.52894662,44228654.38160384
1741680000,0.52894662,0.5352624,0.52184136,0.52894662,17853806.09048654
1741766400,0.52894662,0.53447292,0.52105189,0.52578872,11233743.19685031
1741852800,0.52578872,0.55105185,0.52578872,0.53052556,44116403.48842523
1742112000,0.53052556,0.55736763,0.53052556,0.5407887,28749622.40612897
1742198400,0.5407887,0.54315712,0.53210451,0.53210451,12661654.76352972
1742284800,0.53210451,0.5352624,0.52105189,0.52184136,19211750.69086632
1742371200,0.52184136,0.52894662,0.50684138,0.51236769,12922677.13522557
1742457600,0.51236769,0.52894662,0.50684138,0.51631505,29519541.50249376
1742716800,0.51631505,0.53447292,0.51631505,0.52894662,16117682.41824643
1742803200,0.52894662,0.53210451,0.51236769,0.51315716,12375034.28871549
1742889600,0.51315716,0.51710453,0.50289402,0.50447297,10293039.19062114
1742976000,0.50447297,0.52736767,0.50131508,0.52026242,21019045.9311214
1743062400,0.52026242,0.54473607,0.51157822,0.52026242,39890550.47081054
1743667200,0.52026242,0.5352624,0.51473611,0.52736767,20728524.11741834
1743926400,0.52736767,0.52736767,0.48947299,0.49736771,14401435.30764388
1744012800,0.49736771,0.49736771,0.48236773,0.4918414,13963648.08423487
1744099200,0.4918414,0.50526244,0.4918414,0.50526244,12699442.01733877
1744185600,0.50368349,0.51157822,0.48157826,0.4863151,28086022.39449589
1744272000,0.4863151,0.50289402,0.4863151,0.48789404,13961308.54757004
1744531200,0.48789404,0.52736767,0.48789404,0.50842033,84032831.9960861
1744617600,0.50842033,0.517894,0.50526244,0.50842033,17971879.85862359
1744704000,0.50999927,0.52105189,0.50447297,0.50526244,25592700.77733924
1744790400,0.50526244,0.53447292,0.50526244,0.51947294,71278074.56664485
1744876800,0.51947294,0.52105189,0.51078875,0.51236769,14129935.05436085
1745308800,0.51236769,0.52105189,0.51236769,0.51394664,11377491.06821395
1745395200,0.51394664,0.51868347,0.51236769,0.51394664,15518598.89848483
1745737200,0.51394664,0.52105189,0.51236769,0.51315716,18202365.38683498
1745823600,0.51315716,0.52026242,0.51078875,0.52026242,18009536.64558018
1745910000,0.52026242,0.5407887,0.51868347,0.52342031,116545416.09400585
1745996400,0.52342031,0.53052556,0.52105189,0.52184136,27041210.90668433
1746342000,0.52184136,0.52894662,0.51868347,0.52026242,14113997.83166625
1746428400,0.52026242,0.52420978,0.51157822,0.51315716,14759058.88356652
1746514800,0.51315716,0.51947294,0.51236769,0.51631505,9692079.73485488
1746601200,0.51631505,0.51868347,0.50368349,0.50526244,14130934.455784
1746687600,0.50526244,0.50684138,0.49736771,0.50131508,19640478.701375
1746946800,0.50131508,0.50605191,0.49105193,0.49263088,11253367.69146226
1747033200,0.49263088,0.5005256,0.49105193,0.49263088,6271385.79712004
1747119600,0.49263088,0.49657824,0.4863151,0.48868351,9524057.42892445
1747206000,0.48868351,0.49420982,0.48473615,0.48947299,11432539.21326917
1747292400,0.48947299,0.5005256,0.4863151,0.49263088,31573659.7608915
1747551600,0.49263088,0.49736771,0.47368354,0.47447301,9394602.64458083
1747638000,0.47447301,0.47842037,0.45789408,0.47052565,5259926.95680265
1747724400,0.47052565,0.48157826,0.47052565,0.47447301,3433085.75538078
1747810800,0.47526248,0.48552562,0.47447301,0.47447301,7263660.94345318
1747897200,0.47447301,0.4776309,0.47052565,0.47368354,4257427.26257642
1748156400,0.47368354,0.48236773,0.47131512,0.47131512,28540168.64120014
1748242800,0.47131512,0.47605195,0.46420987,0.46499934,10236834.57725244
1748329200,0.46578881,0.47368354,0.4602625,0.46657828,5770533.68390663
1748415600,0.46657828,0.47131512,0.46184145,0.46342039,6192830.81859109
1748502000,0.46342039,0.46736776,0.45315725,0.45710461,9073613.65415918
1748761200,0.45473619,0.4602625,0.44684147,0.44842041,9550463.66652693
1748847600,0.44842041,0.47131512,0.44289411,0.45789408,20563187.14864517
1748934000,0.45473619,0.47447301,0.45473619,0.46184145,23791078.94516309
1749020400,0.46184145,0.46815723,0.45868356,0.4602625,6628041.63833129
1749538800,0.45868356,0.46342039,0.45789408,0.45947303,4713942.17932033
1749625200,0.45947303,0.48078879,0.45868356,0.47368354,18805283.11205649
1749711600,0.47368354,0.47368354,0.45868356,0.45868356,5887015.24977638
1749970800,0.46105198,0.46105198,0.40263101,0.43263096,3363531.72300251
1750057200,0.43263096,0.44920989,0.43263096,0.43973622,2574640.46628802
1750143600,0.43973622,0.44368358,0.4199994,0.42157835,3383092.88419093
1750230000,0.42157835,0.43815727,0.40657837,0.42710465,4860852.92185456
1750316400,0.42947307,0.43105202,0.38684155,0.39789417,13394765.74081308
1750575600,0.39789417,0.44763094,0.32605217,0.40420995,13638358.7543562
1750662000,0.40420995,0.41210468,0.40420995,0.40815731,3436301.82662713
1750748400,0.40815731,0.44210463,0.40815731,0.43499938,19762988.3424954
1750834800,0.43499938,0.44210463,0.4286836,0.4373678,4743548.02147905
1751180400,0.43578885,0.46342039,0.43420991,0.46105198,13626517.93749488
1751266800,0.46105198,0.48552562,0.46105198,0.46342039,35761559.59112752
1751353200,0.46342039,0.47210459,0.46184145,0.46184145,6980356.60669448
1751439600,0.46184145,0.46657828,0.44210463,0.46184145,4297942.92027072
1751785200,0.46184145,0.46815723,0.45789408,0.46657828,7066018.86201086
1751871600,0.46657828,0.48710457,0.46657828,0.47526248,24593076.42054082
1752044400,0.47526248,0.4776309,0.4689467,0.47052565,1959229.58994294
1752130800,0.47210459,0.48315721,0.46736776,0.46815723,9061347.2366918
1752390000,0.46815723,0.47447301,0.45394672,0.45473619,5928427.70874772
1752476400,0.45473619,0.46420987,0.44526252,0.446052,7221681.0170071
1752562800,0.44684147,0.45868356,0.44684147,0.4515783,3541368.17624162
1752649200,0.4515783,0.45710461,0.42947307,0.43894674,8213264.5623554
1752735600,0.43894674,0.44684147,0.43894674,0.44210463,2408875.36357185
1752994800,0.44210463,0.45078883,0.44131516,0.44526252,4985799.63311201
1753081200,0.44368358,0.45710461,0.44368358,0.44842041,3917373.64500674
1753167600,0.44842041,0.45394672,0.44289411,0.44447305,3300723.9668976
1753254000,0.44447305,0.44920989,0.43973622,0.44210463,2472060.58688094
1753599600,0.44210463,0.44999936,0.43973622,0.44447305,3672897.76353975
1753686000,0.446052,0.4515783,0.43499938,0.4373678,3769552.16784229
1753772400,0.4373678,0.44289411,0.43420991,0.43578885,3984614.74075806
1753858800,0.43578885,0.44210463,0.43105202,0.43499938,4014487.84996403
1753945200,0.43499938,0.43973622,0.43184149,0.43420991,3147940.94933458
1754204400,0.43420991,0.43973622,0.43420991,0.43499938,1870284.12995127
1754290800,0.43499938,0.44920989,0.43499938,0.44763094,5372609.78392967
1754377200,0.44763094,0.46657828,0.44763094,0.45394672,26093766.95752415
1754463600,0.45394672,0.46105198,0.446052,0.446052,5347748.88186108
1754550000,0.446052,0.45315725,0.43894674,0.446052,3874641.31748924
1754809200,0.446052,0.44920989,0.43973622,0.44289411,3570131.68386752
1754895600,0.44289411,0.44684147,0.43815727,0.43894674,2955100.80806355
1754982000,0.43973622,0.44289411,0.43499938,0.43815727,2077188.09124918
1755068400,0.43815727,0.44052569,0.43420991,0.43420991,3558527.73401016
1755154800,0.43657833,0.44052569,0.43342044,0.43578885,3059119.62285301
1755414000,0.43578885,0.44289411,0.43499938,0.43499938,2625820.20583464
1755500400,0.43499938,0.44999936,0.43499938,0.44289411,3907890.09816883
1755586800,0.44289411,0.4689467,0.44289411,0.45394672,31701769.34331955
1755673200,0.45394672,0.46499934,0.44684147,0.44763094,9460935.53903887
1755759600,0.44763094,0.44999936,0.43815727,0.44131516,2662526.99143844
1756018800,0.44131516,0.46499934,0.44131516,0.46184145,14556589.52858349
1756105200,0.46184145,0.517894,0.46184145,0.49026246,125999785.22369416
1756191600,0.49026246,0.51236769,0.4776309,0.4949993,67326261.47259635
1756278000,0.4949993,0.517894,0.48552562,0.50131508,55270553.03860086
1756364400,0.50131508,0.50526244,0.49263088,0.49263088,19297174.81251027
1756623600,0.49263088,0.5005256,0.47131512,0.47368354,21300993.66594831
1756710000,0.47368354,0.48157826,0.46578881,0.47131512,9091856.21346992
1756796400,0.47131512,0.48868351,0.46736776,0.48789404,19050154.19408624
1756882800,0.48789404,0.49657824,0.47526248,0.47526248,14606862.3335053
1757228400,0.47526248,0.5005256,0.47210459,0.49026246,25115641.76467387
1757314800,0.49026246,0.51078875,0.48789404,0.48947299,26117969.19198813
1757401200,0.48947299,0.50131508,0.47605195,0.4776309,12022742.12038478
1757487600,0.4776309,0.48552562,0.47526248,0.47842037,4873842.60701854
1757574000,0.47842037,0.48473615,0.47289406,0.47447301,6071190.11204139
1757833200,0.47447301,0.48315721,0.4689467,0.46973617,5864949.88502197
1757919600,0.46973617,0.47684143,0.4515783,0.45631514,6833533.2642847
1758006000,0.45631514,0.46184145,0.44131516,0.44920989,12475412.69832102
1758092400,0.44920989,0.44999936,0.44131516,0.44920989,3389783.4270516
1758178800,0.44920989,0.45789408,0.44289411,0.44289411,4924428.27905254
1758438000,0.44289411,0.44842041,0.44289411,0.44368358,2602262.70562209
1758524400,0.44368358,0.44684147,0.42631518,0.43105202,8349479.55632556
1758610800,0.43105202,0.4373678,0.42631518,0.4286836,3455940.25459226
1758697200,0.4286836,0.43420991,0.42315729,0.43105202,6307055.18124658
1758783600,0.43105202,0.43973622,0.43026255,0.43420991,4582782.45921556
1759042800,0.43420991,0.45552567,0.43420991,0.44447305,10047036.97364732
1759129200,0.44447305,0.4515783,0.44289411,0.44368358,4012005.17976204
1759215600,0.44368358,0.44999936,0.44368358,0.446052,3074907.37866811
1759302000,0.44684147,0.47289406,0.446052,0.45394672,18552724.61907986
1759388400,0.45394672,0.46342039,0.4515783,0.45236778,7206312.52845571
1759647600,0.45236778,0.46105198,0.45236778,0.45394672,3613610.07911409
1759734000,0.45394672,0.47131512,0.45394672,0.46578881,9170570.79222614
1759820400,0.46578881,0.47131512,0.46184145,0.46420987,4449080.53549068
1759906800,0.46420987,0.46815723,0.45710461,0.46184145,2693972.03621618
1760252400,0.45789408,0.47289406,0.45789408,0.46815723,5924888.63704142
1760338800,0.45947303,0.46973617,0.45947303,0.46578881,3670098.42622016
1760425200,0.46263092,0.46973617,0.46184145,0.46342039,1720582.91677674
1760511600,0.46499934,0.46578881,0.45631514,0.45789408,4348946.59289995
1760598000,0.45789408,0.4918414,0.45789408,0.46973617,70856024.43231213
1760857200,0.46973617,0.47447301,0.46578881,0.46736776,8426556.33274955
1760943600,0.46736776,0.47289406,0.46263092,0.46342039,8025758.36201324
1761030000,0.46342039,0.49026246,0.46342039,0.4689467,40962530.73064377
1761116400,0.4689467,0.47684143,0.46342039,0.46499934,13694158.03381437
1761202800,0.46499934,0.46973617,0.46184145,0.46499934,4099355.90414947
1761462000,0.46499934,0.47052565,0.46499934,0.46578881,4859977.65394151
1761548400,0.46578881,0.47052565,0.46184145,0.46420987,8396109.42272648
1761634800,0.46263092,0.46499934,0.45394672,0.4602625,4690597.47941081
1761721200,0.45631514,0.46578881,0.45631514,0.45947303,2257698.4816293
1761807600,0.45947303,0.46578881,0.45631514,0.45631514,4645711.81549363
1762070400,0.45631514,0.46815723,0.45473619,0.46815723,6333415.81878413
1762156800,0.46815723,0.47368354,0.46184145,0.46263092,11326562.12902447
1762243200,0.46263092,0.46657828,0.45868356,0.45868356,4678203.12842792
1762329600,0.45868356,0.47131512,0.45789408,0.45789408,11804129.07574647
1762416000,0.45789408,0.47999932,0.45789408,0.46815723,40126530.80684654
1762675200,0.46815723,0.47999932,0.46815723,0.4689467,14420539.20151449
1762761600,0.4689467,0.47368354,0.46420987,0.46499934,2891493.78415382
1762848000,0.46499934,0.4689467,0.45710461,0.45789408,8638425.63445144
1762934400,0.45789408,0.46578881,0.45710461,0.45710461,6821608.84730433
1763020800,0.45710461,0.46499934,0.45631514,0.46184145,3828063.38449559
1763280000,0.46184145,0.48394668,0.45947303,0.47842037,41136716.64535117
1763366400,0.47842037,0.49894666,0.47684143,0.4776309,49150159.18982669
1763452800,0.4776309,0.48078879,0.46263092,0.46342039,16226001.57249291
1763539200,0.46342039,0.47131512,0.46184145,0.46973617,10210613.27324663
1763625600,0.46973617,0.47368354,0.46420987,0.47368354,7418483.29725355
1763884800,0.47368354,0.48710457,0.46736776,0.47684143,19504074.97380276
1763971200,0.47684143,0.48789404,0.46736776,0.48157826,19232307.45347248
1764057600,0.48157826,0.48947299,0.4689467,0.47131512,16989667.12661932
1764144000,0.47131512,0.47920984,0.46657828,0.46815723,4851675.90878649
1764230400,0.46815723,0.47920984,0.46263092,0.4689467,11283243.33400518
1764489600,0.4689467,0.4776309,0.46499934,0.46578881,22795775.19451721
1764576000,0.46578881,0.48078879,0.46578881,0.47368354,58898025.53745503
1764662400,0.47368354,0.47920984,0.46420987,0.46420987,40650789.6867245
1764748800,0.46420987,0.50368349,0.46420987,0.48947299,225289416.0121284
1764835200,0.48947299,0.49973613,0.48789404,0.49026246,201025009.65961376
1765094400,0.49026246,0.4949993,0.48078879,0.48394668,64092066.7337697
1765180800,0.48394668,0.49342035,0.48394668,0.48868351,46759992.51956268
1765267200,0.48868351,0.49263088,0.47684143,0.48078879,33138161.2554083
1765353600,0.48078879,0.48236773,0.47526248,0.47842037,25966169.10915814
1765440000,0.47842037,0.47920984,0.46657828,0.46815723,31588087.11476938
1765699200,0.46815723,0.47842037,0.46815723,0.46973617,31577611.76651916
1765785600,0.46973617,0.47605195,0.46736776,0.4689467,19253715.41729076
1765872000,0.4689467,0.47368354,0.46657828,0.46736776,18016238.58845708
1765958400,0.46736776,0.46973617,0.46420987,0.46499934,11815221.29154179
1766044800,0.46499934,0.46736776,0.46342039,0.46499934,10917563.74661078
1766304000,0.46499934,0.46973617,0.46263092,0.46420987,14946613.21731056
1766390400,0.46420987,0.47210459,0.46342039,0.46499934,23604860.94665532
1766476800,0.46499934,0.46973617,0.4602625,0.46342039,10302641.80429526
1766563200,0.46342039,0.46736776,0.46184145,0.46420987,15338203.77493551
1766649600,0.46420987,0.46973617,0.46420987,0.46973617,12430590.36782735
1766908800,0.46973617,0.47605195,0.46815723,0.46815723,30916591.95856028
1766995200,0.46815723,0.47368354,0.46342039,0.46578881,31661444.95256428
1767081600,0.46578881,0.47131512,0.46499934,0.46815723,19071729.35814261
1767168000,0.46815723,0.49342035,0.46815723,0.47289406,129308770.40235572
1767513600,0.47289406,0.517894,0.47289406,0.50210455,308489191.8219425
1767600000,0.50210455,0.50999927,0.4918414,0.49578877,122093431.59437993
1767686400,0.49578877,0.50763086,0.49578877,0.49736771,69455990.97199783
1767859200,0.49736771,0.53684134,0.49736771,0.50842033,183278676.58883548
1768118400,0.50842033,0.51631505,0.49815719,0.49973613,79986521.63414013
1768204800,0.49973613,0.50368349,0.48710457,0.48868351,61907708.3565767
1768291200,0.48868351,0.49263088,0.47447301,0.47526248,44617757.20235294
1768377600,0.47526248,0.47999932,0.44999936,0.45473619,41905760.47380292
1768464000,0.45473619,0.46184145,0.4286836,0.43420991,46464411.63198883
1768723200,0.43420991,0.44920989,0.43420991,0.44052569,20741428.9357948
1768809600,0.44052569,0.46342039,0.44052569,0.45868356,47422690.66324484
1768896000,0.45868356,0.46263092,0.4515783,0.45315725,21718744.72749249
1768982400,0.45315725,0.45473619,0.44684147,0.4515783,16254120.34586737
1769068800,0.4515783,0.45947303,0.45078883,0.45710461,16088587.04348128
1769328000,0.45710461,0.45868356,0.44684147,0.44763094,13503011.42828827
1769414400,0.44763094,0.44999936,0.43420991,0.43657833,19873875.03373138
1769500800,0.43657833,0.44368358,0.43578885,0.4373678,14283038.53904688
1769587200,0.4373678,0.44131516,0.41920993,0.42552571,18525806.64741533
1769932800,0.42552571,0.44052569,0.42236782,0.43026255,19771298.95432971
1770019200,0.43026255,0.4373678,0.43026255,0.4373678,10190969.77860763
1770105600,0.43499938,0.446052,0.43420991,0.44210463,10158593.73250414
1770192000,0.44210463,0.45394672,0.44210463,0.44684147,24496109.14912609
1770278400,0.44684147,0.44999936,0.43815727,0.44289411,10025235.07593475
1770537600,0.44289411,0.44920989,0.44289411,0.446052,7293023.58526559
1770624000,0.446052,0.4515783,0.44131516,0.44289411,10662385.78323735
1770710400,0.44289411,0.4515783,0.44289411,0.4515783,29577356.05148835
1770796800,0.4515783,0.45947303,0.44920989,0.44999936,38381081.92132732
1770883200,0.44999936,0.45236778,0.44526252,0.44842041,6867217.77891812
1771142400,0.44842041,0.45868356,0.44842041,0.45078883,24764829.06511659
1771228800,0.45078883,0.45394672,0.44289411,0.44447305,11997915.41836489
1771315200,0.44447305,0.44684147,0.44052569,0.44210463,6484808.03436664
1771401600,0.44210463,0.446052,0.44210463,0.44289411,8199236.2090457
1771488000,0.44289411,0.446052,0.43263096,0.43263096,8670535.68017614
1771747200,0.43263096,0.43420991,0.42552571,0.42631518,6234660.01148919
1771833600,0.42631518,0.43342044,0.42473624,0.42947307,3292068.82123934
1771920000,0.42947307,0.43184149,0.42552571,0.42552571,5265243.16437293
1772006400,0.42552571,0.43026255,0.41447309,0.41447309,15842022.4257066
1772092800,0.41447309,0.44131516,0.41289415,0.41763098,6871701.78530334
1772352000,0.41763098,0.41763098,0.3797363,0.41052573,8153351.14370536
1772438400,0.41052573,0.41447309,0.40657837,0.41289415,2639819.42576953
1772524800,0.40973626,0.41052573,0.40342048,0.40894679,3608727.07216068
1772611200,0.40736784,0.41920993,0.40499942,0.41842046,5477592.5334251
1772697600,0.41842046,0.42552571,0.41605204,0.41684151,4165421.53156026
1772956800,0.41684151,0.42236782,0.41052573,0.41842046,8654099.3901042
1773043200,0.41842046,0.42552571,0.41210468,0.41763098,9952201.50526828
1773129600,0.41763098,0.43578885,0.41763098,0.42947307,18160876.92775541
1773216000,0.42947307,0.43263096,0.42552571,0.4286836,6395910.70777685
1773302400,0.4286836,0.43184149,0.42394676,0.42473624,3942477.74742165
1773561600,0.42473624,0.42789413,0.4199994,0.42078887,2582509.01082617
1773648000,0.42078887,0.42315729,0.41447309,0.41763098,4931204.95536919
1773734400,0.41605204,0.42078887,0.41447309,0.41763098,4151227.24468093
1773820800,0.41763098,0.42236782,0.41526257,0.41842046,7291449.11635688
1774339200,0.41842046,0.42710465,0.41684151,0.41842046,8657248.32792162
1774425600,0.41842046,0.42552571,0.41842046,0.42078887,6197926.62584752
1774512000,0.42078887,0.42710465,0.41763098,0.4199994,10456795.35714325
1774771200,0.4199994,0.42473624,0.41684151,0.41684151,5550347.43702808
1774857600,0.41684151,0.41842046,0.41289415,0.41289415,3587592.70873202
1774944000,0.41368362,0.41763098,0.41052573,0.41289415,5707243.3271145
1775030400,0.41289415,0.43894674,0.41289415,0.42157835,24972542.42756708
1775116800,0.42157835,0.42631518,0.41368362,0.41605204,9792057.87722375
1775376000,0.41605204,0.42078887,0.41605204,0.41842046,3641752.91918949
1775462400,0.41842046,0.4199994,0.41605204,0.41605204,7971199.15098759
1775548800,0.41605204,0.42236782,0.41289415,0.41368362,7808523.45267073
1775635200,0.41368362,0.42078887,0.41368362,0.41763098,7800382.57441145
1775721600,0.41763098,0.4199994,0.41684151,0.41684151,4331897.23528833
1776153600,0.41684151,0.41920993,0.41684151,0.41684151,6909252.17210843
1776240000,0.41684151,0.42157835,0.41684151,0.41842046,9520458.82380003
1776326400,0.41842046,0.42315729,0.41842046,0.41920993,9743084.67415258
1776585600,0.41920993,0.42394676,0.41920993,0.42157835,7890193.16896841
1776672000,0.42078887,0.42394676,0.41920993,0.42078887,4816082.52476818
1776758400,0.42078887,0.4286836,0.4199994,0.42789413,14152081.48589737
1776844800,0.42789413,0.43420991,0.42631518,0.4286836,22498016.90384274
1776931200,0.4286836,0.43184149,0.4286836,0.4286836,10341134.59244233
1777186800,0.4286836,0.43342044,0.4286836,0.43105202,12797083.15637975
1777273200,0.43105202,0.43578885,0.43105202,0.43342044,10162267.07106831
1777359600,0.43342044,0.4373678,0.43263096,0.43420991,11102670.87687
1777446000,0.43420991,0.44526252,0.43420991,0.44368358,28956691.03432803
1777532400,0.44368358,0.44763094,0.43657833,0.43815727,14192986.01081208
1777791600,0.43815727,0.44368358,0.43815727,0.44131516,10213494.9440168
1777878000,0.44052569,0.44289411,0.43342044,0.43420991,10571702.4541043
1777964400,0.43420991,0.43578885,0.42710465,0.43184149,10248878.06106903
1778050800,0.43420991,0.44131516,0.43184149,0.43815727,8123747.83488358
1778396400,0.43815727,0.43973622,0.43578885,0.43815727,7171641.27908385
1778482800,0.4373678,0.43973622,0.43499938,0.43657833,6961518.71320265
1778569200,0.43657833,0.45394672,0.43657833,0.45315725,39649788.46129877
1778655600,0.45315725,0.46499934,0.4515783,0.45236778,35954583.39932676
1778742000,0.45236778,0.45789408,0.44763094,0.4515783,12969926.40250853
1779001200,0.4515783,0.45394672,0.44684147,0.44999936,12332006.82744439
1779087600,0.44999936,0.44999936,0.43420991,0.44131516,18787487.6867158
1779174000,0.44131516,0.46105198,0.44131516,0.44920989,26814728.05083941
1779260400,0.44920989,0.4515783,0.43894674,0.43973622,8598901.77816947
1779346800,0.43973622,0.44210463,0.4286836,0.43420991,10530072.12815604
1779606000,0.43420991,0.43973622,0.43420991,0.4373678,5543575.82738531
1779692400,0.4373678,0.43894674,0.43263096,0.43578885,9385215.36454668
1780297200,0.43578885,0.44052569,0.43578885,0.44052569,2939049.58520661
1780383600,0.43973622,0.44842041,0.43973622,0.446052,16151621.5332424
1780470000,0.446052,0.44999936,0.446052,0.44999936,10398452.60739651
1780556400,0.44999936,0.45947303,0.44999936,0.45868356,27532295.73932246
1780815600,0.45868356,0.53447292,0.45868356,0.51868347,280680562.22245395
1780902000,0.51868347,0.51868347,0.4949993,0.49815719,106579573.8359798
1780988400,0.49815719,0.50999927,0.49026246,0.49578877,27313131.69389953
1781074800,0.49578877,0.54315712,0.4918414,0.50447297,126987635.89706019
1781161200,0.50447297,0.52342031,0.49026246,0.51473611,43216037.8063045
1781420400,0.51473611,0.5755255,0.51315716,0.5755255,299352907.21187323
1781506800,0.5755255,0.5984202,0.56052552,0.59368337,165728494.73070982
1781593200,0.59368337,0.60868334,0.57789391,0.58184128,88841803.44406144
1781679600,0.58184128,0.58578864,0.55342026,0.57157813,59007812.7604587
1782025200,0.57157813,0.62210438,0.57157813,0.61973596,183995566.60968685
1782111600,0.61973596,0.6213149,0.58578864,0.60078862,66652434.37973322
1782198000,0.60078862,0.60236756,0.57394655,0.57868339,64702609.80318302
1782284400,0.57868339,0.60078862,0.57236761,0.57789391,63320944.30235802
1782370800,0.57789391,0.58894653,0.56842024,0.56842024,34854205.69905558
1782630000,0.56842024,0.5755255,0.54473607,0.54473607,44123099.09795978
1782716400,0.54473607,0.58026233,0.54236765,0.56842024,52382219.5922807
1782802800,0.56842024,0.60552545,0.56842024,0.59999915,82801148.90883605
1782889200,0.59999915,0.60315704,0.58263075,0.58342022,40792523.55522021
1783234800,0.58342022,0.59605178,0.57394655,0.57631497,43835371.55490242
1783321200,0.57631497,0.58815706,0.57236761,0.57394655,42256858.17376604
1783407600,0.57394655,0.61420965,0.57157813,0.59447284,135302055.33679348
1783494000,0.59447284,0.59763073,0.57947286,0.58026233,67091625.07180744
1783580400,0.58026233,0.59289389,0.57631497,0.57710444,58540959.29565937
1783839600,0.57710444,0.59526231,0.57710444,0.58736758,53612527.07757189
1783926000,0.58736758,0.59447284,0.5810518,0.5810518,56634713.1811649
1784012400,0.5810518,0.58263075,0.57315708,0.57631497,53663738.48383026
1784098800,0.57631497,0.62605174,0.57631497,0.59763073,186711999.2112202
1784185200,0.59763073,0.60157809,0.58499917,0.589736,46400595.60778148
1784444400,0.589736,0.59368337,0.57710444,0.58263075,35662095.71615763
1784530800,0.582631,0.592894,0.578684,0.582631,36209651.0
1784617200,0.582631,0.590526,0.579473,0.582631,33908798.0
1784703600,0.582631,0.591315,0.581052,0.583421,23160724.0
1785049200,0.583421,0.599999,0.583421,0.589736,53250640.0
1785135600,0.59,0.606,0.583,0.592,46141590.0
1785222000,0.592,0.595,0.57,0.579,20110343.0
1785308400,0.579,0.584,0.56,0.565,17086945.0
1785394800,0.565,0.566,0.54,0.543,19532155.0
1785654000,0.543,0.587,0.543,0.58,37379572.0
1785740400,0.58,0.616,0.58,0.597,94427036.0
1785826800,0.597,0.623,0.587,0.623,74049635.0
1785913200,0.623,0.747,0.623,0.747,245134355.0
